Time,Speed,Distance,Throttle Input,Break Input,Speed Limit,Steering Steer Wheel Input,Deviation From Path,Signed Deviation From Path,Average Speed,Average Throttle,Average Break,Average Steering,Average Deviation,
0,1.512417E-07,0,0,0,0,0,0,0,0.2667873,0.4090116,0,-3.022062E-05,0.0004859279
0.100674,0.03961928,0.000831604,0.201348,0,13.88889,-5.466998E-05,0.000476982,0.000476982,
0.2039933,0.1741107,0.01016617,0.4079866,0,13.88889,-0.0001401161,0.0006729292,0.0006729292,
0.3126172,0.401156,0.04054261,0.6252343,0,13.88889,-2.437077E-05,0.0007153337,0.0007153337,
0.4052447,0.7190502,0.09158325,0.8104892,0,13.88889,6.805375E-05,0.0005643946,0.0005643946,
