Time, Car_Saar_AI (41), Car_Saar_AI (42), Car_Saar_AI (43), Car_Saar_AI (44), Car_Saar_AI (45), Car_Saar_AI (46), Car_Saar_AI (47), Car_Saar_AI (48), Car_Saar_AI (49), Car_Saar_AI (50), Car_Saar_AI (51), Car_Saar_AI (52), Car_Saar_AI (53), Car_Saar_AI (54), Car_Saar_AI (55), Car_Saar_AI (56), Car_Saar_AI (57), Car_Saar_AI (58), Car_Saar_AI (59), Car_Saar_AI (60), 
0, 0, 0, 0, 0, 0, 0, 0, 0, 0, 0, 0, 0, 0, 0, 0, 0, 0, 0, 0, 0, 
0.5016782, -0.01424634, -0.01424638, -0.01424653, -0.01424587, 0.04757576, -0.005621018, -0.005596347, -0.005608314, -0.005583037, 0.09906698, -0.007199586, -0.01416026, -0.01414002, -0.01416157, 0.04764993, -0.007553335, -0.007445517, -0.007499512, -0.007391642, 0.09716493, 
1.007872, -0.001209581, 0.001542058, 0.0006990269, -0.01985031, 0.9453172, 0.002942292, 0.002923506, 0.002991038, 0.003899769, 1.074616, 3.199622E-05, 0.003581118, -0.005567181, 0.002861788, 0.9458815, -0.001091483, -0.0008464645, -0.0009733423, 0.01516888, 1.066343, 
1.501937, 0.01405698, 0.005211684, 0.01648083, 0.1403168, 3.171222, 0.01567226, 0.008892026, 0.01581177, 0.2551813, 3.403295, 0.01253614, 0.008022581, -0.004202365, 0.1860244, 3.172769, 0.01033729, 0.01062739, 0.0105059, 0.2620618, 3.382338, 
