Time, Car_Saar_AI (41), Car_Saar_AI (42), Car_Saar_AI (43), Car_Saar_AI (44), Car_Saar_AI (45), Car_Saar_AI (46), Car_Saar_AI (47), Car_Saar_AI (48), Car_Saar_AI (49), Car_Saar_AI (50), Car_Saar_AI (51), Car_Saar_AI (52), Car_Saar_AI (53), Car_Saar_AI (54), Car_Saar_AI (55), Car_Saar_AI (56), Car_Saar_AI (57), Car_Saar_AI (58), Car_Saar_AI (59), Car_Saar_AI (60), 
0, 0, 0, 0, 0, 0, 0, 0, 0, 0, 0, 0, 0, 0, 0, 0, 0, 0, 0, 0, 0, 
0.5082672, -0.01971037, -0.01866171, -0.02154518, -0.01845017, 0.05428965, -0.005570955, -0.005545046, -0.005556018, -0.005532444, 0.1044704, -0.007132606, -0.01856549, -0.01855454, -0.02031338, 0.05436718, -0.007494954, -0.007387509, -0.007441246, -0.007333803, 0.1025104, 
1.009496, -0.007209098, -0.007068147, -0.01474525, 0.004293501, 0.9514778, 0.002943341, 0.002993221, 0.002991029, 0.005375133, 1.078841, 9.933694E-05, -0.002230457, -0.0062903, -0.01476429, 0.9520451, -0.001072561, -0.0008419587, -0.0009486077, -0.001750625, 1.070512, 
1.500364, 0.01148356, 0.009851551, 0.002615342, 0.2121992, 3.167381, 0.01563048, 0.01537674, 0.01569425, 0.2156376, 3.396955, 0.01270018, 0.01628072, 0.01154802, 0.1881645, 3.168926, 0.01030514, 0.01069292, 0.01048663, 0.2420436, 3.376008, 
2.002738, 0.02107463, 0.0290832, 0.01486801, 1.217068, 7.076118, 0.02221666, 0.02081301, 0.02242954, 1.186641, 7.463797, 0.02241724, 0.01442792, 0.0238383, 1.177155, 7.120861, 0.02067675, 0.02712581, 0.02076429, 1.280744, 7.375176, 
