Time,Speed,Distance,Throttle Input,Break Input,Speed Limit,Steering Steer Wheel Input,Deviation From Path,Signed Deviation From Path,Average Speed,Average Throttle,Average Break,Average Steering,Average Deviation,
0,1.512417E-07,0,0,0,0,0,0,0,0.205328,0.3050472,0,-1.396516E-05,0.0004734204
0.1009738,0.03418754,0.0008392334,0.1514607,0,13.88889,-1.054364E-06,0.0004625098,0.0004625098,
0.2067559,0.1381057,0.008895874,0.3101338,0,13.88889,-0.0001233745,0.0006566092,0.0006566092,
0.3028079,0.3084666,0.02907562,0.4542119,0,13.88889,-1.822871E-05,0.0007029006,0.0007029006,
0.4062864,0.5458798,0.07165527,0.6094296,0,13.88889,7.283181E-05,0.0005450823,0.0005450823,
